[
    {
        "name": "Portal",
        "steam_appid": 400,
        "metascore": 90,
        "categories": [
            "Single-player",
            "Steam Achievements",
            "Captions available",
            "Partial Controller Support",
            "Includes level editor",
            "Includes Source SDK",
            "Commentary available",
            "Remote Play on Phone",
            "Remote Play on Tablet",
            "Remote Play Together"
        ],
        "genres": [
            "Action"
        ],
        "recommendations": {
            "total": 117811
        }
    },
    {
        "name": "Amnesia: The Dark Descent",
        "steam_appid": 57300,
        "metascore": 85,
        "categories": [
            "Single-player",
            "Steam Achievements",
            "Full controller support",
            "Captions available",
            "Includes level editor",
            "Commentary available",
            "Remote Play on Phone",
            "Remote Play on Tablet",
            "Remote Play on TV",
            "Remote Play Together"
        ],
        "genres": [
            "Action",
            "Adventure",
            "Indie"
        ],
        "recommendations": {
            "total": 17099
        }
    },
    {
        "name": "Portal 2",
        "steam_appid": 620,
        "metascore": 95,
        "categories": [
            "Single-player",
            "Multi-player",
            "Co-op",
            "Online Co-op",
            "Shared/Split Screen Co-op",
            "Shared/Split Screen",
            "Steam Achievements",
            "Full controller support",
            "Steam Trading Cards",
            "Captions available",
            "Steam Workshop",
            "Steam Workshop",
            "Steam Cloud",
            "Stats",
            "Includes level editor",
            "Commentary available",
            "Remote Play on Phone",
            "Remote Play on Tablet",
            "Remote Play on TV",
            "Remote Play Together"
        ],
        "genres": [
            "Action",
            "Adventure"
        ],
        "recommendations": {
            "total": 292937
        }
    },
    {
        "name": "Fallout: New Vegas",
        "steam_appid": 22380,
        "metascore": 84,
        "categories": [
            "Single-player",
            "Steam Achievements",
            "Partial Controller Support",
            "Steam Leaderboards",
            "Remote Play on Phone",
            "Remote Play on Tablet"
        ],
        "genres": [
            "Action",
            "RPG"
        ],
        "recommendations": {
            "total": 147351
        }
    },
    {
        "name": "Cuphead",
        "steam_appid": 268910,
        "metascore": 88,
        "categories": [
            "Single-player",
            "Multi-player",
            "Co-op",
            "Shared/Split Screen Co-op",
            "Shared/Split Screen",
            "Steam Achievements",
            "Full controller support",
            "Steam Trading Cards",
            "Steam Cloud",
            "Remote Play on Phone",
            "Remote Play on Tablet",
            "Remote Play on TV",
            "Remote Play Together"
        ],
        "genres": [
            "Action",
            "Indie"
        ],
        "recommendations": {
            "total": 127905
        }
    },
    {
        "name": "METAL GEAR RISING: REVENGEANCE",
        "steam_appid": 235460,
        "metascore": 83,
        "categories": [
            "Single-player",
            "Steam Achievements",
            "Full controller support",
            "Steam Cloud"
        ],
        "genres": [
            "Action"
        ],
        "recommendations": {
            "total": 53836
        }
    }
]